{"stat.craftItem.50":180,"stat.craftItem.364":6,"stat.killEntity.Sheep":8,"stat.useItem.3":81,"stat.craftItem.257":2,"stat.useItem.65":78,"stat.mineBlock.37":15,"stat.killEntity.enderzoo.Enderminy":3,"achievement.exploreAllBiomes":{"value":0,"progress":["Forest","Deep Ocean","Taiga","Ocean","Beach","TaigaHills","River","ForestHills"]},"stat.useItem.324":1,"stat.useItem.53":1,"stat.craftItem.333":2,"stat.mineBlock.54":12,"stat.mineBlock.1":1407,"stat.useItem.72":1,"achievement.openInventory":75,"stat.damageDealt":38920,"stat.craftItem.355":1,"stat.mineBlock.31":39,"stat.useItem.50":84,"stat.killEntity.Cow":7,"stat.useItem.5":21,"stat.fallOneCm":32353,"stat.craftItem.320":32,"stat.flyOneCm":32340,"achievement.buildPickaxe":2,"stat.craftItem.271":3,"achievement.buildFurnace":1,"stat.mineBlock.61":4,"stat.damageTaken":18627,"stat.mineBlock.100":2,"stat.useItem.4":197,"stat.useItem.355":3,"stat.mineBlock.154":2,"stat.useItem.271":125,"stat.entityKilledBy.Blizz":1,"stat.craftItem.272":1,"stat.mineBlock.39":41,"stat.craftItem.270":1,"stat.killEntity.Chicken":43,"stat.useItem.270":4,"stat.craftItem.65":84,"achievement.buildWorkBench":3,"stat.mineBlock.86":7,"stat.breakItem.274":1,"stat.craftItem.58":4,"stat.craftItem.5":442,"achievement.killCow":5,"stat.climbOneCm":55261,"stat.drop":180,"stat.mineBlock.14":36,"stat.useItem.154":4,"achievement.mineWood":147,"stat.killEntity.enderzoo.ConcussionCreeper":3,"stat.mineBlock.17":152,"achievement.killEnemy":121,"stat.useItem.272":9,"stat.mineBlock.65":7,"stat.mineBlock.12":9,"stat.craftItem.281":4,"stat.killEntity.Creeper":6,"stat.mineBlock.58":10,"stat.mineBlock.13":29,"stat.playOneMinute":298521,"stat.mineBlock.15":20,"stat.killEntity.Pig":16,"stat.useItem.37":6,"stat.leaveGame":3,"stat.diveOneCm":10377,"stat.useItem.6":5,"stat.useItem.54":20,"achievement.buildBetterPickaxe":2,"stat.killEntity.Spider":22,"stat.useItem.61":6,"stat.useItem.85":3,"stat.boatOneCm":37835,"stat.mineBlock.56":16,"achievement.buildSword":4,"stat.entityKilledBy.Skeleton":1,"stat.mineBlock.18":100,"stat.useItem.58":11,"stat.craftItem.280":416,"stat.swimOneCm":13669,"achievement.ae2.ChargedQuartz":14,"stat.killEntity.Skeleton":20,"stat.craftItem.154":2,"stat.walkOneCm":1159392,"stat.useItem.274":132,"stat.killEntity.Blizz":1,"stat.jump":1687,"stat.mineBlock.72":1,"stat.killEntity.Witch":1,"stat.useItem.13":4,"stat.entityKilledBy.Zombie":4,"stat.craftItem.265":18,"stat.craftItem.61":2,"stat.craftItem.346":1,"stat.mineBlock.16":283,"stat.breakItem.257":1,"stat.deaths":8,"stat.mineBlock.3":232,"stat.breakItem.271":1,"stat.mobKills":210,"stat.killEntity.Zombie":69,"stat.useItem.257":399,"stat.craftItem.54":11,"stat.mineBlock.50":4,"stat.mineBlock.85":3,"stat.mineBlock.4":59,"stat.mineBlock.5":4,"stat.craftItem.366":32,"stat.craftItem.274":1}