[
  {
    "signatures": [
      {
        "signature": "sha256:d0359053d4f8299509889d6b3632b06bdc11251b93af8aa4385b08f435316439",
        "filename": "GUIDE-API-1.7.10-1.0.1-20.jar"
      },
      {
        "signature": "sha256:1aac334a9a495dc452ccbdb78e36d2b38dd9aa989ff652f0253dab28bbaea1cd",
        "filename": "FORESTRY_1.7.10-3.5.7.16.jar"
      },
      {
        "signature": "sha256:388e44ae199bd3efb39ed23578f45d00c1e5b490c7ca8d7bc5234671328a5cb5",
        "filename": "ENDERZOO-1.7.10-1.0.11.28.jar"
      },
      {
        "signature": "sha256:87bde2c07ddf631cc14c513cccd83ff746f2ac44e241e821407819d6eb34aef5",
        "filename": "CARPENTERS BLOCKS V3.3.6 - MC 1.7.10.jar"
      },
      {
        "signature": "sha256:05ae8f11b8f9012ebebbf179227b010829739c6284e30da5dd3db220ee682f8a",
        "filename": "Baubles-1.7.10-1.0.1.10.jar"
      },
      {
        "signature": "sha256:b0d5758c5c9bea894eccd74210cfc9d68eb1384806161d2394e726f1352defe1",
        "filename": "COMPUTERCRAFT1.73.jar"
      },
      {
        "signature": "sha256:f962fd4d2f69cc2ef25db10f2e62ab65dfc8bb29d01e660db8a284a3ec8fc2be",
        "filename": "PROJECTRED-1.7.10-4.6.2.82-MECHANICAL_BETA.jar"
      },
      {
        "signature": "sha256:9ccd59de718ed1026e378049e946202e6f8bf73a2d950246b0f23184182c4738",
        "filename": "MINETWEAKER3-1.7.10-3.0.9C.jar"
      },
      {
        "signature": "sha256:dea5913e44c0d6165ad745ba2f803cd38b2258c919e0902230d15e949df9c2b6",
        "filename": "CODECHICKENCORE-1.7.10-1.0.7.46-UNIVERSAL.jar"
      },
      {
        "signature": "sha256:e4a3dd27370920b2be108ba7a18efe720a521d4956abb34a8ebf74958ff25f55",
        "filename": "LUNATRIUSCORE-1.7.10-1.1.2.21-UNIVERSAL.jar"
      },
      {
        "signature": "sha256:a114cd3b5fac50f31e43189546a50e390027e5ef770d81427b9fd5ebdbafdf72",
        "filename": "THERMALEXPANSION-[1.7.10]4.0.1-182.jar"
      },
      {
        "signature": "sha256:4bf193e3b9a91bceef65e82f6a27ee5c050d29552ef7e1606f222a79571fc44e",
        "filename": "CHICKENCHUNKS-1.7.10-1.3.4.19-UNIVERSAL.jar"
      },
      {
        "signature": "sha256:e02b6d72a56b2b4a132e8f7ca0b63f8d3bd3a7d1788631ef950e838005b3d2eb",
        "filename": "THERMALFOUNDATION-[1.7.10]1.0.0-81.jar"
      },
      {
        "signature": "sha256:534313028fe05f39cffee217f385e222cf17ed258a95292d25982248f20d0193",
        "filename": "FASTCRAFT-1.21.jar"
      },
      {
        "signature": "sha256:ad1fe73af6d68ae2b73923e5251cd1faf8bfe49c5a659050a631954488e136e2",
        "filename": "IRIDIUM MOD-1.0.2.jar"
      },
      {
        "signature": "sha256:6badba74bb358a82fac5ec2aefc736ac53ac3391932f5c42874c53d39948601d",
        "filename": "NETHERORES-[1.7.10]2.3.0-12.jar"
      },
      {
        "signature": "sha256:586dfca66e880638b75a92634c51db55dfd65cccd5bd49c4e33c55755320cf66",
        "filename": "STEVESWORKSHOP-0.5.1.jar"
      },
      {
        "signature": "sha256:ea78fbc26bc2ae6114b8045c3bc34a389e51a7add3433b47abbc25301a5adffd",
        "filename": "ENDERIO-1.7.10-2.2.8.381.jar"
      },
      {
        "signature": "sha256:c8bc4aec6b38e35ef1d9cc252fd684088589ff57b133f6633cdbed44491fdb3a",
        "filename": "ASIELIB-1.7.10-0.4.1.jar"
      },
      {
        "signature": "sha256:1658132c8cefecd2fde6bb8593e6e4827f34a2c5b2f4dc75fbe15ce81a035ff7",
        "filename": "RECURRENTCOMPLEX-0.9.6.2.jar"
      },
      {
        "signature": "sha256:ec43582b61083b81e047a4e1c2f709a2a75f0fd4b9d75305eb26991531dd046d",
        "filename": "LibSandstone-1.0.0.jar"
      },
      {
        "signature": "sha256:83aa955056ac7ec1af60362e60b95e110f51af03cb0fcf69c24db8f1c4ea0098",
        "filename": "WAWLA-1.3.0-1.7.10.jar"
      },
      {
        "signature": "sha256:5fca136503f86ecc6cb61fbd17b137d59e56b45c7a5494e6b8fd3cabd4697fbd",
        "filename": "commons-compress-1.8.1.jar"
      },
      {
        "signature": "sha256:56d83821f7733f17b966024b8ce1e2dff652e5f40f170cbb83e8989ea0827d37",
        "filename": "WAILAHARVESTABILITY-MC1.7.X-1.1.2.jar"
      },
      {
        "signature": "sha256:88e1314554b9fb24356d6629b65512c0080c80ae98d9bb275ebdf299ab13241b",
        "filename": "[1.7.10]Treecapitator-universal-2.0.4.jar"
      },
      {
        "signature": "sha256:c4d8a4b783dbbc661e75d5788c74a5cba5e6fbe9aa3bb3ed5ca8471bfb0c34be",
        "filename": "FLOODLIGHTS-1.7.10-0.4.3-62.jar"
      },
      {
        "signature": "sha256:f44ba00f9ab5f399a534784b054d42228812fa48d413314cdc3680c642c9f16b",
        "filename": "ENDERSTORAGE-1.7.10-1.4.7.36-UNIVERSAL.jar"
      },
      {
        "signature": "sha256:7bdf5210ae0f2fa3536bc5c04bb510238946c2a7f2b8a2c2d18d2271056393eb",
        "filename": "OPENBLOCKS-1.7.10-1.4.3.jar"
      },
      {
        "signature": "sha256:3126bd1fb8a22e52078b16d984fd9ffdace5ce7da916cf2ce64e798641bc02d6",
        "filename": "COFHCORE-[1.7.10]3.0.2-262.jar"
      },
      {
        "signature": "sha256:5d966e63b24443c7b2434f4928391e459045039819f427626265ea2340792e18",
        "filename": "MrTJPCore-1.0.8.16-universal.jar"
      },
      {
        "signature": "sha256:c2eac402f72e01f8a7993056e85d6b524373ea6c982854a6ec88dd60fe0f7fe7",
        "filename": "BIOMESOPLENTY-1.7.10-2.1.0.1237-UNIVERSAL.jar"
      },
      {
        "signature": "sha256:9e0b19e0afd1520b6fefb198adae854eb7fbf50fc8ce2271cafdd31f880d7f02",
        "filename": "BUILDCRAFTADDITIONS-1.7.10-2.1.4.jar"
      },
      {
        "signature": "sha256:06aabcc3980bcb91cbb54fbe7e0c68409be0980d6bbb9c82a7ace705df12a3e5",
        "filename": "BDLIB-1.8.2.92-MC1.7.10.jar"
      },
      {
        "signature": "sha256:5f9e53894206f96568decbf765c5f966471a18867721690729b3fb0796791d15",
        "filename": "NOTENOUGHITEMS-1.7.10-1.0.5.111-UNIVERSAL.jar"
      },
      {
        "signature": "sha256:3b718ba0e5faaa786329498c3ddd1f31a39d40916c4917291e6acfd58167182e",
        "filename": "APPLECORE-MC1.7.10-1.1.0.jar"
      },
      {
        "signature": "sha256:6f9cb062d6564388e8da5e781af48aaf7f1a144860c93959bf8cc67277cc2c57",
        "filename": "AOBD-2.6.3.jar"
      },
      {
        "signature": "sha256:1d953c119a73fa8b1187175827726f4c4460b26ef29c954425944ddbedeffd06",
        "filename": "MODTWEAKER 2-0.8.0.jar"
      },
      {
        "signature": "sha256:353ab1156cb34e08329624ae98ae19e31315558a0e28e9b5d2f520c70a8a799d",
        "filename": "IVTOOLKIT-1.2.jar"
      },
      {
        "signature": "sha256:cf4cda0d10b37b30bcb85d179a3eef90332b84dee699785dfbfb48639f5e5cf6",
        "filename": "MEKANISM-1.7.10-8.1.5.240.jar"
      },
      {
        "signature": "sha256:fe25989a5c55e537d39a73df127f744f22c7eb1e2bf2c4253c869b4aab5469d9",
        "filename": "MEKANISMTOOLS-1.7.10-8.1.5.240.jar"
      },
      {
        "signature": "sha256:c023c00cd531887b45c8d2650559159510a192fc0f016f769b1cc492d8c47810",
        "filename": "[1.7.10]bspkrsCore-universal-6.16.jar"
      },
      {
        "signature": "sha256:4313c8a8908203228d5ee35ae0e5d6b21db84f6a95107831ce0a9edb016b808f",
        "filename": "ANCIENTWARFARE-2.4.104-BETA-MC1.7.10-FULL.jar"
      },
      {
        "signature": "sha256:b6624501fa4d9de0d08ed0ed9df5e0fda9f97f360c3326880047cad5e6f4ba1f",
        "filename": "OPENEYE-0.6-1.7.10-SNAPSHOT-141.jar"
      },
      {
        "signature": "sha256:b8e02b860c86cce3b4efac4c447a3bb99eb2f3f16f4f0b5ec4dcd1fbd5e3c83f",
        "filename": "ForgeMultipart-1.7.10-1.2.0.344-universal.jar"
      },
      {
        "signature": "sha256:b88ee66877ce812eb0c5b26128214885cb593bdaa9e591225192fa2dff7a5e01",
        "filename": "JABBA-1.2.1_1.7.10.jar"
      },
      {
        "signature": "sha256:8364675efeeb707fba91429051d362deff7da754b6774ad0a39bc66819d1a2b5",
        "filename": "ENHANCEDPORTALS_1.7.10-UNIVERSAL-3.0.12.jar"
      },
      {
        "signature": "sha256:af09bb35eaf7226cd89d2fd5096b56910143c2f34d3ed9d1a5f3f0ed957fa7da",
        "filename": "BUILDCRAFT-COMPAT-7.0.8.jar"
      },
      {
        "signature": "sha256:50b9df8c41ce1298446cadf0fc2492b58f4ffde251285a167d788ca6826fba0c",
        "filename": "MINEFACTORYRELOADED-[1.7.10]2.8.0-104.jar"
      },
      {
        "signature": "sha256:ad19d2601c3abf0b946b5c3a4113e226a8c1e3305e395b90013b78dd94a723ce",
        "filename": "commons-codec-1.9.jar"
      },
      {
        "signature": "sha256:a300fcf2c43ab26eb1eb380a13efdcc6c1c46f0a502da219a4b58337df52ef7b",
        "filename": "IRONCHEST-1.7.10-6.0.62.742-UNIVERSAL.jar"
      },
      {
        "signature": "sha256:f928a38f2ae75f9897ab94afc6d45641a00633722a1696ca8c43b1720d23455c",
        "filename": "forge-1.7.10-10.13.4.1448-1.7.10-universal.jar"
      },
      {
        "signature": "sha256:ac6d9e7b6d4f8a48eaff7d896c48b817ec4969754c9f50f96ea652cc963a5376",
        "filename": "ASIETWEAKS-1.7.10-0.0.2.jar"
      },
      {
        "signature": "sha256:c5f93519168f95e78bceaafbc8cd5a9a083e0d70d5ece07289f32941a6295017",
        "filename": "NATURA-1.7.10-2.2.0.1.jar"
      },
      {
        "signature": "sha256:2fcebe2c2d8e7960c8b216b3db8591109486b45b65d846903d5ee7c9796a8152",
        "filename": "PROJECTRED-1.7.10-4.6.2.82-BASE.jar"
      },
      {
        "signature": "sha256:9fd923a00fa27b92c678508bd8d71863fa9e2984d2860f7268bf93eecc518c5e",
        "filename": "MEKANISMGENERATORS-1.7.10-8.1.5.240.jar"
      },
      {
        "signature": "sha256:4a0d192a34e7ef3e7af039f64dc6426bd0a5a343aae4dd1107b2043a616a77f7",
        "filename": "CodeChickenLib-1.7.10-1.1.3.138-universal.jar"
      },
      {
        "signature": "sha256:ab859fc2a446faf8bec52dcc3061de0d4cce8fab04e87c0e13ac0bac32fd16f4",
        "filename": "TTCORE-MC1.7.10-0.1.1-77.jar"
      },
      {
        "signature": "sha256:2e113a2f0f9e4b54eb68660951e7cfafe261130d3650f847cb9972cbd5db4ad3",
        "filename": "ENDERCOMPASS-1.7.10-1.1.jar"
      },
      {
        "signature": "sha256:c5e7c29bd9bec8f606ba6fa224ef0285e3c6fa24770c0b5116e15086cac0eef3",
        "filename": "MANTLE-1.7.10-0.3.2.jar"
      },
      {
        "signature": "sha256:81a9cc0d92065aa66c091c2e98b5e2e1c2f13378ba662fb28eae006ed1d48b3d",
        "filename": "APPLIEDENERGISTICS2-RV2-STABLE-8.jar"
      },
      {
        "signature": "sha256:9253a026ff524e285b3ae54a5cec0e3394bf81ee5a8bc3c5d5994abff7447a8b",
        "filename": "PROJECTRED-1.7.10-4.6.2.82-LIGHTING.jar"
      },
      {
        "signature": "sha256:e6cba1cfb4f55e82353525b53c2f475d54257bdbad95f7a3751a1467fcef6317",
        "filename": "COFHLIB-[1.7.10]1.0.2-160.jar"
      },
      {
        "signature": "sha256:a59a4003f162c10058206f0fd5ec05e4d1030e8fbda230f6f0b42db703c16371",
        "filename": "STEVESCARTS2.0.0.B18.jar"
      },
      {
        "signature": "sha256:a784f0b63c62ff219a4a1346e7952ab35224d41ddb24b8994e2867aff6a953de",
        "filename": "PROJECTRED-1.7.10-4.6.2.82-WORLD.jar"
      },
      {
        "signature": "sha256:ca3996fc81d210370754c1581b06bbbee8401e457843558126863833a1497afc",
        "filename": "JAVA7CHECKER  MC-1.7.10  V1.1.jar"
      },
      {
        "signature": "sha256:200a0ee9cb70673929c78f989b6840a5167f2c79091e43216e29d6e142809b7d",
        "filename": "BUILDCRAFT-7.0.12.jar"
      },
      {
        "signature": "sha256:c60aa318787341b4bcebc8c4f97c340bed0285955f1183fc1749fd70235f771b",
        "filename": "RANDOMTHINGS-2.2.4.jar"
      },
      {
        "signature": "sha256:f4a1a30d96574492bfa96a43ddea92741f71cd62abb2f8db859cb895c51ce8dd",
        "filename": "PROJECTRED-1.7.10-4.6.2.82-INTEGRATION.jar"
      },
      {
        "signature": "sha256:bc2958857276efc083b7e118856dba8819de6377926eb13506699f043fbdb26e",
        "filename": "WAILAPLUGINS-MC1.7.10-0.0.1-15.jar"
      },
      {
        "signature": "sha256:68a47c8e70b92c4d00f61d301caef54b2a8277d510de846f1fe2fb455f3aa3bf",
        "filename": "AE2STUFF-0.4.0.38-MC1.7.10.jar"
      },
      {
        "signature": "sha256:44423d7c43bde9274e1dbc1b00d6bd14ec7cb2572326eeefa9c6dd6fab47930b",
        "filename": "WAILA-1.5.10_1.7.10.jar"
      },
      {
        "signature": "sha256:f9c78e9b0d41ee0319a3ee845da42bbb90a3892323b9e098238ce592982d86e5",
        "filename": "LOGISTICSPIPES-0.10.0.5.jar"
      },
      {
        "signature": "sha256:a2fe1d7252f9bfd94d4cea6a22fd6e37663416099532c7dd5a3c477fe6b02899",
        "filename": "EXTRACELLS-1.7.10-2.2.70B119.jar"
      },
      {
        "signature": "sha256:fde478b87e5710a430b6e0bf03398a2c4b2a07319eab6164096eaa7a4c09665d",
        "filename": "PROJECTRED-1.7.10-4.6.2.82-COMPAT.jar"
      },
      {
        "signature": "sha256:997747c91a691f143ac7a6ccf978eb07ffc4f8a9c4b42c8bec9d363506006cd4",
        "filename": "EUREKA-1.7.10-3.0.2.jar"
      },
      {
        "signature": "sha256:fc35dc5886da434e11be07d923baa16741bc0d7ea0d81fb9989aa8ea96fd0143",
        "filename": "BACKPACK-2.0.1-1.7.X.jar"
      },
      {
        "signature": "sha256:2ccb4d6cf908c50b7b1984dcbdded597903169fabd572fdf6895100f89d8cdc5",
        "filename": "NEIINTEGRATION-MC1.7.10-1.0.9.jar"
      },
      {
        "signature": "sha256:63dd713fcfc070676625cc6142113b5ba359571c998305f63518c09a310fb086",
        "filename": "BIGTREES-172B-FORGE1060.jar"
      },
      {
        "signature": "sha256:af168f67ea58a05664a43104bca81bd57ee8c7a0f292ebe14cd310c469bbfd15",
        "filename": "ENCHIRIDION 2-1.7.10-2.0.2A.jar"
      },
      {
        "signature": "sha256:e1ed114a61c4581b050f8db9932aa14bac4ac322994be51015ebc8e4cad66287",
        "filename": "DENSEORES-1.6.2.jar"
      },
      {
        "signature": "sha256:607e6a86c80d4ac10a0666334c3e4e11d0227f27422c638906228ae92b228f44",
        "filename": "INDUSTRIALCRAFT-2-2.2.736-EXPERIMENTAL-API.jar"
      },
      {
        "signature": "sha256:699cc5740e31bf67b0ed12a840f7687c02e0a41cb1928c172343690107e72d31",
        "filename": "OPENMODSLIB-1.7.10-0.7.3.jar"
      },
      {
        "signature": "sha256:231a8fbffba0980af44471dd8801190375462e2d5a4331a071ba7b823810147d",
        "filename": "INPURECORE-[1.7.10]1.0.0B9-62.jar"
      },
      {
        "signature": "sha256:4a0d192a34e7ef3e7af039f64dc6426bd0a5a343aae4dd1107b2043a616a77f7",
        "filename": "CodeChickenLib-1.7.10-1.1.3.138-universal.jar"
      },
      {
        "signature": "sha256:01691a71d5f3bd1241f895508ce8c2045250081e59871fd9708d5180063eeecf",
        "filename": "COSMETICARMOR-1.7.10-1.0.5.B8-UNIVERSAL.jar"
      },
      {
        "signature": "sha256:169f435b084becb21073dbe414c5bf4a254f00b5e1a4e74f0ca2da6311501e6e",
        "filename": "NEIADDONS-1.12.10.33-MC1.7.10.jar"
      }
    ],
    "addedSignatures": [
      "sha256:af09bb35eaf7226cd89d2fd5096b56910143c2f34d3ed9d1a5f3f0ed957fa7da",
      "sha256:8364675efeeb707fba91429051d362deff7da754b6774ad0a39bc66819d1a2b5",
      "sha256:231a8fbffba0980af44471dd8801190375462e2d5a4331a071ba7b823810147d",
      "sha256:88e1314554b9fb24356d6629b65512c0080c80ae98d9bb275ebdf299ab13241b",
      "sha256:a59a4003f162c10058206f0fd5ec05e4d1030e8fbda230f6f0b42db703c16371",
      "sha256:ac6d9e7b6d4f8a48eaff7d896c48b817ec4969754c9f50f96ea652cc963a5376",
      "sha256:a784f0b63c62ff219a4a1346e7952ab35224d41ddb24b8994e2867aff6a953de",
      "sha256:ea78fbc26bc2ae6114b8045c3bc34a389e51a7add3433b47abbc25301a5adffd",
      "sha256:dea5913e44c0d6165ad745ba2f803cd38b2258c919e0902230d15e949df9c2b6",
      "sha256:169f435b084becb21073dbe414c5bf4a254f00b5e1a4e74f0ca2da6311501e6e",
      "sha256:af168f67ea58a05664a43104bca81bd57ee8c7a0f292ebe14cd310c469bbfd15",
      "sha256:44423d7c43bde9274e1dbc1b00d6bd14ec7cb2572326eeefa9c6dd6fab47930b",
      "sha256:68a47c8e70b92c4d00f61d301caef54b2a8277d510de846f1fe2fb455f3aa3bf",
      "sha256:d0359053d4f8299509889d6b3632b06bdc11251b93af8aa4385b08f435316439",
      "sha256:7bdf5210ae0f2fa3536bc5c04bb510238946c2a7f2b8a2c2d18d2271056393eb",
      "sha256:f44ba00f9ab5f399a534784b054d42228812fa48d413314cdc3680c642c9f16b",
      "sha256:4bf193e3b9a91bceef65e82f6a27ee5c050d29552ef7e1606f222a79571fc44e",
      "sha256:1aac334a9a495dc452ccbdb78e36d2b38dd9aa989ff652f0253dab28bbaea1cd",
      "sha256:e1ed114a61c4581b050f8db9932aa14bac4ac322994be51015ebc8e4cad66287",
      "sha256:ca3996fc81d210370754c1581b06bbbee8401e457843558126863833a1497afc",
      "sha256:5fca136503f86ecc6cb61fbd17b137d59e56b45c7a5494e6b8fd3cabd4697fbd",
      "sha256:5f9e53894206f96568decbf765c5f966471a18867721690729b3fb0796791d15",
      "sha256:c8bc4aec6b38e35ef1d9cc252fd684088589ff57b133f6633cdbed44491fdb3a",
      "sha256:c2eac402f72e01f8a7993056e85d6b524373ea6c982854a6ec88dd60fe0f7fe7",
      "sha256:b8e02b860c86cce3b4efac4c447a3bb99eb2f3f16f4f0b5ec4dcd1fbd5e3c83f",
      "sha256:6f9cb062d6564388e8da5e781af48aaf7f1a144860c93959bf8cc67277cc2c57",
      "sha256:fde478b87e5710a430b6e0bf03398a2c4b2a07319eab6164096eaa7a4c09665d",
      "sha256:388e44ae199bd3efb39ed23578f45d00c1e5b490c7ca8d7bc5234671328a5cb5",
      "sha256:1658132c8cefecd2fde6bb8593e6e4827f34a2c5b2f4dc75fbe15ce81a035ff7",
      "sha256:9253a026ff524e285b3ae54a5cec0e3394bf81ee5a8bc3c5d5994abff7447a8b",
      "sha256:83aa955056ac7ec1af60362e60b95e110f51af03cb0fcf69c24db8f1c4ea0098",
      "sha256:9ccd59de718ed1026e378049e946202e6f8bf73a2d950246b0f23184182c4738",
      "sha256:fc35dc5886da434e11be07d923baa16741bc0d7ea0d81fb9989aa8ea96fd0143",
      "sha256:ab859fc2a446faf8bec52dcc3061de0d4cce8fab04e87c0e13ac0bac32fd16f4",
      "sha256:1d953c119a73fa8b1187175827726f4c4460b26ef29c954425944ddbedeffd06",
      "sha256:f9c78e9b0d41ee0319a3ee845da42bbb90a3892323b9e098238ce592982d86e5",
      "sha256:fe25989a5c55e537d39a73df127f744f22c7eb1e2bf2c4253c869b4aab5469d9",
      "sha256:b88ee66877ce812eb0c5b26128214885cb593bdaa9e591225192fa2dff7a5e01",
      "sha256:5d966e63b24443c7b2434f4928391e459045039819f427626265ea2340792e18",
      "sha256:2ccb4d6cf908c50b7b1984dcbdded597903169fabd572fdf6895100f89d8cdc5",
      "sha256:f928a38f2ae75f9897ab94afc6d45641a00633722a1696ca8c43b1720d23455c",
      "sha256:353ab1156cb34e08329624ae98ae19e31315558a0e28e9b5d2f520c70a8a799d",
      "sha256:200a0ee9cb70673929c78f989b6840a5167f2c79091e43216e29d6e142809b7d",
      "sha256:2e113a2f0f9e4b54eb68660951e7cfafe261130d3650f847cb9972cbd5db4ad3",
      "sha256:f962fd4d2f69cc2ef25db10f2e62ab65dfc8bb29d01e660db8a284a3ec8fc2be",
      "sha256:607e6a86c80d4ac10a0666334c3e4e11d0227f27422c638906228ae92b228f44",
      "sha256:3126bd1fb8a22e52078b16d984fd9ffdace5ce7da916cf2ce64e798641bc02d6",
      "sha256:3b718ba0e5faaa786329498c3ddd1f31a39d40916c4917291e6acfd58167182e",
      "sha256:ad19d2601c3abf0b946b5c3a4113e226a8c1e3305e395b90013b78dd94a723ce",
      "sha256:c60aa318787341b4bcebc8c4f97c340bed0285955f1183fc1749fd70235f771b",
      "sha256:e6cba1cfb4f55e82353525b53c2f475d54257bdbad95f7a3751a1467fcef6317",
      "sha256:c4d8a4b783dbbc661e75d5788c74a5cba5e6fbe9aa3bb3ed5ca8471bfb0c34be",
      "sha256:9fd923a00fa27b92c678508bd8d71863fa9e2984d2860f7268bf93eecc518c5e",
      "sha256:e4a3dd27370920b2be108ba7a18efe720a521d4956abb34a8ebf74958ff25f55",
      "sha256:2fcebe2c2d8e7960c8b216b3db8591109486b45b65d846903d5ee7c9796a8152",
      "sha256:56d83821f7733f17b966024b8ce1e2dff652e5f40f170cbb83e8989ea0827d37",
      "sha256:06aabcc3980bcb91cbb54fbe7e0c68409be0980d6bbb9c82a7ace705df12a3e5",
      "sha256:586dfca66e880638b75a92634c51db55dfd65cccd5bd49c4e33c55755320cf66",
      "sha256:b0d5758c5c9bea894eccd74210cfc9d68eb1384806161d2394e726f1352defe1",
      "sha256:05ae8f11b8f9012ebebbf179227b010829739c6284e30da5dd3db220ee682f8a",
      "sha256:01691a71d5f3bd1241f895508ce8c2045250081e59871fd9708d5180063eeecf",
      "sha256:63dd713fcfc070676625cc6142113b5ba359571c998305f63518c09a310fb086",
      "sha256:ad1fe73af6d68ae2b73923e5251cd1faf8bfe49c5a659050a631954488e136e2",
      "sha256:ec43582b61083b81e047a4e1c2f709a2a75f0fd4b9d75305eb26991531dd046d",
      "sha256:534313028fe05f39cffee217f385e222cf17ed258a95292d25982248f20d0193",
      "sha256:699cc5740e31bf67b0ed12a840f7687c02e0a41cb1928c172343690107e72d31",
      "sha256:c5e7c29bd9bec8f606ba6fa224ef0285e3c6fa24770c0b5116e15086cac0eef3",
      "sha256:cf4cda0d10b37b30bcb85d179a3eef90332b84dee699785dfbfb48639f5e5cf6",
      "sha256:f4a1a30d96574492bfa96a43ddea92741f71cd62abb2f8db859cb895c51ce8dd",
      "sha256:a2fe1d7252f9bfd94d4cea6a22fd6e37663416099532c7dd5a3c477fe6b02899",
      "sha256:bc2958857276efc083b7e118856dba8819de6377926eb13506699f043fbdb26e",
      "sha256:a300fcf2c43ab26eb1eb380a13efdcc6c1c46f0a502da219a4b58337df52ef7b",
      "sha256:9e0b19e0afd1520b6fefb198adae854eb7fbf50fc8ce2271cafdd31f880d7f02",
      "sha256:4a0d192a34e7ef3e7af039f64dc6426bd0a5a343aae4dd1107b2043a616a77f7",
      "sha256:50b9df8c41ce1298446cadf0fc2492b58f4ffde251285a167d788ca6826fba0c",
      "sha256:81a9cc0d92065aa66c091c2e98b5e2e1c2f13378ba662fb28eae006ed1d48b3d",
      "sha256:b6624501fa4d9de0d08ed0ed9df5e0fda9f97f360c3326880047cad5e6f4ba1f",
      "sha256:997747c91a691f143ac7a6ccf978eb07ffc4f8a9c4b42c8bec9d363506006cd4",
      "sha256:6badba74bb358a82fac5ec2aefc736ac53ac3391932f5c42874c53d39948601d",
      "sha256:a114cd3b5fac50f31e43189546a50e390027e5ef770d81427b9fd5ebdbafdf72",
      "sha256:e02b6d72a56b2b4a132e8f7ca0b63f8d3bd3a7d1788631ef950e838005b3d2eb",
      "sha256:c023c00cd531887b45c8d2650559159510a192fc0f016f769b1cc492d8c47810",
      "sha256:87bde2c07ddf631cc14c513cccd83ff746f2ac44e241e821407819d6eb34aef5",
      "sha256:c5f93519168f95e78bceaafbc8cd5a9a083e0d70d5ece07289f32941a6295017",
      "sha256:4313c8a8908203228d5ee35ae0e5d6b21db84f6a95107831ce0a9edb016b808f"
    ],
    "removedSignatures": [],
    "workTime": 2587498.0,
    "language": "n/a",
    "locale": "en_US",
    "timezone": "Etc/UTC",
    "branding": [
      "Minecraft 1.7.10",
      "MCP v9.05",
      "FML v7.10.99.99",
      "Minecraft Forge 10.13.4.1448",
      "123 mods loaded, 123 mods active"
    ],
    "runtime": {
      "mcp": "MCP v9.05",
      "fml": "7.10.99.99",
      "forge": "10.13.4.1448"
    },
    "minecraft": "Minecraft 1.7.10",
    "javaVersion": "Oracle Corporation 1.7.0_80",
    "tags": [
      "RR 3-DEV-089",
      "3.2.7.0",
      "Custom"
    ],
    "side": "server",
    "obfuscated": true,
    "type": "analytics"
  }
]